Lösungstyp,Beschreibung,Vorteile,Nachteile,Umsetzbarkeit,Wirksamkeit
Admin-Eingriffe,"Manager entfernen, Kaderbegrenzung, Spielerlimits","Sofort verfügbar, direkte Kontrolle","Reaktiv statt präventiv, kann Konflikte schaffen",Hoch,Mittel
Liga-Regeln,"Underpay-Verbot, Transferlimits, Mindesthaltedauer","Strukturierte Lösungen, faire Regeln","Komplexität, schwer durchsetzbar",Mittel,Hoch
Arena-Modus,"Kein Transfermarkt, wöchentliche Aufstellung","Einfach, entspannt, jeder kann jeden Spieler haben","Weniger strategische Tiefe, andere Spielerfahrung",Hoch,Hoch
Mehrfach-Besitz,Spieler können von mehreren Managern gekauft werden,Eliminiert das 'Horten'-Problem komplett,"Verändert Spielmechanik fundamental, weniger Knappheit",Niedrig (großer Eingriff),Sehr hoch
Reset-Systeme,"Soft Reset im Winter, neue Chancen","Gibt allen neue Chancen, erhöht Aktivität",Unterbricht Saisonfluss,Hoch,Mittel
Competitive Systeme,"Auf-/Abstieg, Draft-System, Manager-Screening","Hohe Motivation, aktive Manager","Komplex, nicht für Gelegenheitsspieler",Mittel,Sehr hoch
